,start time,lock time,close time,epoch,Locked price,Close price,Change,Total BNB,Up BNB,Down BNB,Win/Lose,Summary,Moving Average,Oscillator
0,1653601264,1653601564,1653601864,3371,311.3,310.9,-0.4,15.3138,7.7175,7.7575,0,,,
1,1653601570,1653601870,1653602170,3372,310.9,311.2,0.3,15.7211,7.8211,8.0654,1,SELL,STRONG SELL,NEUTRAL
2,1653601876,1653602176,1653602476,3373,311.2,311.1,-0.1,15.2673,7.6794,7.7486,0,SELL,SELL,NEUTRAL
3,1653602182,1653602482,1653602782,3374,311.1,313.1,2.0,15.0658,7.6866,7.5378,1,SELL,SELL,NEUTRAL
4,1653602488,1653602788,1653603088,3375,313.1,313.3,0.2,15.445,7.8458,7.7618,1,BUY,STRONG BUY,NEUTRAL
5,1653602794,1653603094,1653603394,3376,313.3,313.1,-0.2,15.3839,7.8221,7.7238,0,BUY,STRONG BUY,SELL
6,1653603100,1653603400,1653603700,3377,313.1,313.0,-0.1,15.1851,7.6725,7.6725,0,BUY,STRONG BUY,NEUTRAL
7,1653603409,1653603709,1653604009,3378,313.0,312.8,-0.2,15.1046,7.6368,7.6268,0,BUY,STRONG BUY,NEUTRAL
8,1653603714,1653604014,1653604314,3379,312.8,313.0,0.2,15.5702,7.9422,7.7919,1,BUY,STRONG BUY,NEUTRAL
9,1653604020,1653604320,1653604620,3380,313.0,311.7,-1.3,15.4677,7.8152,7.8152,0,BUY,STRONG BUY,BUY
10,1653604329,1653604629,1653604929,3381,311.7,311.2,-0.5,15.4435,7.7137,7.8924,0,SELL,STRONG SELL,SELL
11,1653604632,1653604932,1653605232,3382,311.2,311.5,0.3,15.1852,7.6725,7.6725,1,SELL,STRONG SELL,NEUTRAL
12,1653604938,1653605238,1653605538,3383,311.5,310.5,-1.0,15.5774,7.8391,7.9022,0,SELL,STRONG SELL,NEUTRAL
13,1653605244,1653605544,1653605844,3384,310.5,309.9,-0.6,15.9016,7.6937,8.3753,0,SELL,STRONG SELL,NEUTRAL
14,1653605568,1653605868,1653606168,3385,309.9,310.4,0.5,15.2205,7.6824,7.6983,1,STRONG SELL,STRONG SELL,SELL
15,1653605874,1653606174,1653606474,3386,310.4,311.1,0.7,15.6008,7.8614,7.9036,1,SELL,STRONG SELL,SELL
16,1653606180,1653606480,1653606780,3387,311.1,309.0,-2.1,15.1801,7.5829,7.7569,0,SELL,STRONG SELL,NEUTRAL
17,1653606486,1653606786,1653607086,3388,309.0,309.9,0.9,15.785,7.6375,8.3137,1,STRONG SELL,STRONG SELL,SELL
18,1653606793,1653607093,1653607393,3389,309.9,309.0,-0.9,15.5204,7.6632,8.0205,0,SELL,STRONG SELL,NEUTRAL
19,1653607102,1653607402,1653607702,3390,309.0,309.3,0.3,16.2075,8.561,7.8171,1,SELL,STRONG SELL,NEUTRAL
20,1653607410,1653607710,1653608010,3391,309.3,309.5,0.2,15.0296,7.5761,7.6117,1,SELL,STRONG SELL,BUY
21,1653607718,1653608018,1653608318,3392,309.5,309.2,-0.3,15.439,7.7881,7.8133,0,SELL,STRONG SELL,NEUTRAL
22,1653608024,1653608324,1653608624,3393,309.2,308.9,-0.3,15.6527,8.213,7.6044,0,SELL,STRONG SELL,NEUTRAL
23,1653608329,1653608629,1653608929,3394,308.9,307.3,-1.6,15.6665,7.8494,7.9821,0,STRONG SELL,STRONG SELL,SELL
24,1653608637,1653608937,1653609237,3395,307.3,306.3,-1.0,15.6704,7.8554,7.98,0,STRONG SELL,STRONG SELL,SELL
25,1653608941,1653609241,1653609541,3396,306.3,303.5,-2.8,15.0598,7.6042,7.6142,0,STRONG SELL,STRONG SELL,SELL
26,1653609247,1653609547,1653609847,3397,303.5,304.6,1.1,15.1279,7.5939,7.6932,1,STRONG SELL,STRONG SELL,SELL
27,1653609553,1653609853,1653610153,3398,304.6,303.1,-1.5,14.9855,7.5516,7.5916,0,SELL,STRONG SELL,BUY
28,1653609859,1653610159,1653610459,3399,303.1,304.6,1.5,15.3468,7.6675,7.8409,1,SELL,STRONG SELL,NEUTRAL
29,1653610162,1653610462,1653610762,3400,304.6,305.6,1.0,15.1552,7.6574,7.6574,1,SELL,STRONG SELL,NEUTRAL
30,1653610468,1653610768,1653611068,3401,305.6,306.1,0.5,15.4637,7.937,7.6895,1,SELL,STRONG SELL,NEUTRAL
31,1653610774,1653611074,1653611374,3402,306.1,306.9,0.8,16.6483,7.7352,9.0884,1,SELL,STRONG SELL,SELL
32,1653611080,1653611380,1653611680,3403,306.9,306.4,-0.5,15.6528,7.8007,8.0169,0,SELL,SELL,NEUTRAL
33,1653611386,1653611686,1653611986,3404,306.4,306.4,0.0,0.0,7.8064,8.2063,0,SELL,STRONG SELL,NEUTRAL
34,1653611692,1653611992,1653612292,3405,306.4,303.5,-2.9,15.2127,7.6914,7.6814,0,SELL,STRONG SELL,NEUTRAL
35,1653611998,1653612298,1653612598,3406,303.5,303.1,-0.4,15.5701,7.5855,8.1485,0,SELL,STRONG SELL,NEUTRAL
36,1653612304,1653612604,1653612904,3407,303.1,303.1,0.0,0.0,8.2146,7.7237,0,STRONG SELL,STRONG SELL,NEUTRAL
37,1653612611,1653612911,1653613211,3408,303.1,303.1,0.0,0.0,7.8168,7.7498,0,SELL,STRONG SELL,NEUTRAL
38,1653612917,1653613217,1653613517,3409,303.1,302.3,-0.8,15.1428,7.6511,7.6511,0,SELL,STRONG SELL,NEUTRAL
39,1653613223,1653613523,1653613823,3410,302.3,301.4,-0.9,15.9119,8.2193,7.8601,0,SELL,STRONG SELL,SELL
40,1653613531,1653613831,1653614131,3411,301.4,301.2,-0.2,15.5381,8.1175,7.5841,0,SELL,STRONG SELL,NEUTRAL
41,1653613835,1653614135,1653614435,3412,301.2,300.6,-0.6,15.175,7.7174,7.6174,0,SELL,STRONG SELL,BUY
42,1653614141,1653614441,1653614741,3413,300.6,300.1,-0.5,15.4242,7.7534,7.8332,0,SELL,STRONG SELL,BUY
43,1653614448,1653614748,1653615048,3414,300.1,299.8,-0.3,16.4274,8.8034,7.7969,0,SELL,STRONG SELL,BUY
44,1653614753,1653615053,1653615353,3415,299.8,300.2,0.4,15.1877,7.6553,7.6922,1,SELL,STRONG SELL,BUY
45,1653615060,1653615360,1653615660,3416,300.2,301.6,1.4,15.4293,7.8084,7.7834,1,SELL,STRONG SELL,BUY
46,1653615366,1653615666,1653615966,3417,301.6,303.5,1.9,16.5926,8.9605,7.8068,1,SELL,STRONG SELL,NEUTRAL
47,1653615672,1653615972,1653616272,3418,303.5,302.6,-0.9,15.3416,7.8492,7.6539,0,NEUTRAL,SELL,NEUTRAL
48,1653615978,1653616278,1653616578,3419,302.6,301.1,-1.5,15.1781,7.6204,7.7174,0,SELL,STRONG SELL,NEUTRAL
49,1653616284,1653616584,1653616884,3420,301.1,300.3,-0.8,16.7365,9.1221,7.7905,0,SELL,STRONG SELL,BUY
50,1653616587,1653616887,1653617187,3421,300.3,300.1,-0.2,15.4887,7.812,7.8397,0,SELL,STRONG SELL,NEUTRAL
51,1653616893,1653617193,1653617493,3422,300.1,299.3,-0.8,14.9956,7.5642,7.5892,0,SELL,STRONG SELL,BUY
52,1653617199,1653617499,1653617799,3423,299.3,297.6,-1.7,16.7344,7.6735,9.2371,0,SELL,STRONG SELL,NEUTRAL
53,1653617505,1653617805,1653618105,3424,297.6,301.6,4.0,15.4971,7.6801,7.9801,1,SELL,STRONG SELL,NEUTRAL
54,1653617811,1653618111,1653618411,3425,301.6,300.5,-1.1,15.9345,7.8026,8.2996,0,SELL,STRONG SELL,BUY
55,1653618117,1653618417,1653618717,3426,300.5,300.4,-0.1,15.2435,7.6177,7.7863,0,SELL,STRONG SELL,NEUTRAL
56,1653618423,1653618723,1653619023,3427,300.4,301.1,0.7,15.3674,7.7646,7.7646,1,SELL,SELL,NEUTRAL
57,1653618729,1653619029,1653619329,3428,301.1,300.1,-1.0,15.1897,7.6803,7.6692,0,SELL,STRONG SELL,BUY
58,1653619035,1653619335,1653619635,3429,300.1,298.9,-1.2,15.03,7.5966,7.5916,0,SELL,STRONG SELL,NEUTRAL
59,1653619341,1653619641,1653619941,3430,298.9,299.6,0.7,15.5057,7.6529,8.016,1,SELL,STRONG SELL,NEUTRAL
60,1653619647,1653619947,1653620247,3431,299.6,300.6,1.0,15.1622,7.6484,7.6734,1,SELL,STRONG SELL,NEUTRAL
61,1653619953,1653620253,1653620553,3432,300.6,301.1,0.5,16.0955,7.8358,8.4292,1,SELL,STRONG SELL,NEUTRAL
62,1653620259,1653620559,1653620859,3433,301.1,301.1,0.0,0.0,10.2224,7.5524,0,NEUTRAL,SELL,NEUTRAL
63,1653620565,1653620865,1653621165,3434,301.1,302.1,1.0,15.3354,7.7084,7.7884,1,NEUTRAL,NEUTRAL,NEUTRAL
64,1653620871,1653621171,1653621471,3435,302.1,302.0,-0.1,15.7808,7.84,8.1069,0,NEUTRAL,NEUTRAL,NEUTRAL
65,1653621177,1653621477,1653621777,3436,302.0,302.7,0.7,14.9864,7.5221,7.6221,1,NEUTRAL,NEUTRAL,BUY
66,1653621483,1653621783,1653622083,3437,302.7,301.5,-1.2,16.5592,7.7329,9.0006,0,NEUTRAL,NEUTRAL,SELL
67,1653621789,1653622089,1653622389,3438,301.5,303.5,2.0,15.0976,7.5308,7.7257,1,SELL,SELL,NEUTRAL
68,1653622095,1653622395,1653622695,3439,303.5,302.8,-0.7,15.2989,7.7808,7.6791,0,BUY,BUY,BUY
69,1653622401,1653622701,1653623001,3440,302.8,302.3,-0.5,14.9511,7.5542,7.5542,0,NEUTRAL,BUY,SELL
70,1653622707,1653623007,1653623307,3441,302.3,302.9,0.6,15.0971,7.6065,7.6495,1,SELL,SELL,NEUTRAL
71,1653623015,1653623315,1653623615,3442,302.9,302.9,0.0,0.0,7.6802,7.8195,0,NEUTRAL,BUY,NEUTRAL
72,1653623321,1653623621,1653623921,3443,302.9,302.7,-0.2,15.5804,7.9204,7.824,0,NEUTRAL,BUY,NEUTRAL
73,1653623627,1653623927,1653624227,3444,302.7,301.0,-1.7,15.2135,7.6868,7.6868,0,NEUTRAL,NEUTRAL,NEUTRAL
74,1653623933,1653624233,1653624533,3445,301.0,300.7,-0.3,15.3336,7.5909,7.9041,0,STRONG SELL,STRONG SELL,NEUTRAL
75,1653624239,1653624539,1653624839,3446,300.7,301.8,1.1,15.0388,7.5986,7.5986,1,STRONG SELL,STRONG SELL,SELL
76,1653624545,1653624845,1653625145,3447,301.8,302.9,1.1,15.3935,7.7853,7.7703,1,SELL,SELL,NEUTRAL
77,1653624851,1653625151,1653625451,3448,302.9,302.4,-0.5,15.481,7.9016,7.7424,0,BUY,BUY,BUY
78,1653625157,1653625457,1653625757,3449,302.4,300.6,-1.8,15.0468,7.6827,7.5225,0,BUY,BUY,NEUTRAL
79,1653625463,1653625763,1653626063,3450,300.6,298.9,-1.7,15.5516,7.8895,7.8258,0,STRONG SELL,STRONG SELL,SELL
80,1653625769,1653626069,1653626369,3451,298.9,298.9,0.0,0.0,7.708,7.6607,0,STRONG SELL,STRONG SELL,SELL
81,1653626075,1653626375,1653626675,3452,298.9,298.5,-0.4,14.9829,7.5703,7.5703,0,STRONG SELL,STRONG SELL,SELL
82,1653626381,1653626681,1653626981,3453,298.5,297.6,-0.9,15.7865,8.2263,7.7263,0,SELL,STRONG SELL,NEUTRAL
83,1653626687,1653626987,1653627287,3454,297.6,298.1,0.5,15.4508,7.5567,8.0567,1,SELL,STRONG SELL,NEUTRAL
84,1653626993,1653627293,1653627593,3455,298.1,297.6,-0.5,15.2254,7.6928,7.6928,0,SELL,STRONG SELL,BUY
85,1653627299,1653627599,1653627899,3456,297.6,297.1,-0.5,15.9532,7.5456,8.5756,0,SELL,STRONG SELL,NEUTRAL
86,1653627607,1653627907,1653628207,3457,297.1,299.0,1.9,15.5346,7.9421,7.756,1,SELL,STRONG SELL,NEUTRAL
87,1653627913,1653628213,1653628513,3458,299.0,298.1,-0.9,15.2356,7.7449,7.6511,0,SELL,STRONG SELL,NEUTRAL
88,1653628219,1653628519,1653628819,3459,298.1,298.4,0.3,16.2912,7.7249,8.7377,1,SELL,STRONG SELL,NEUTRAL
89,1653628525,1653628825,1653629125,3460,298.4,298.0,-0.4,15.2197,7.7006,7.6793,0,SELL,STRONG SELL,NEUTRAL
90,1653628831,1653629131,1653629431,3461,298.0,298.3,0.3,16.154,7.7686,8.5554,1,SELL,STRONG SELL,NEUTRAL
91,1653629137,1653629437,1653629737,3462,298.3,297.2,-1.1,16.1612,8.6656,7.6656,0,SELL,STRONG SELL,BUY
92,1653629443,1653629743,1653630043,3463,297.2,292.4,-4.8,15.7671,8.1013,7.8317,0,STRONG SELL,STRONG SELL,NEUTRAL
93,1653629749,1653630049,1653630349,3464,292.4,292.1,-0.3,16.4306,7.757,8.8466,0,SELL,STRONG SELL,NEUTRAL
94,1653630055,1653630355,1653630655,3465,292.1,293.6,1.5,15.9773,8.5925,7.5529,1,SELL,STRONG SELL,BUY
95,1653630361,1653630661,1653630961,3466,293.6,293.0,-0.6,14.9384,7.5528,7.5428,0,SELL,STRONG SELL,NEUTRAL
96,1653630664,1653630964,1653631264,3467,293.0,293.1,0.1,15.0988,7.5839,7.6739,1,SELL,STRONG SELL,NEUTRAL
97,1653630972,1653631272,1653631572,3468,293.1,292.6,-0.5,16.1435,7.6049,8.7085,0,SELL,STRONG SELL,NEUTRAL
98,1653631278,1653631578,1653631878,3469,292.6,293.9,1.3,15.2409,7.7507,7.6507,1,SELL,STRONG SELL,BUY
99,1653631584,1653631884,1653632184,3470,293.9,293.6,-0.3,16.0423,8.3056,7.9056,0,SELL,STRONG SELL,NEUTRAL
100,1653631893,1653632193,1653632493,3471,293.6,292.5,-1.1,15.4475,7.81,7.8,0,SELL,STRONG SELL,SELL
101,1653632199,1653632499,1653632799,3472,292.5,293.6,1.1,16.2761,7.6496,8.7978,1,STRONG SELL,STRONG SELL,SELL
102,1653632505,1653632805,1653633105,3473,293.6,293.5,-0.1,16.4007,8.7767,7.7967,0,SELL,STRONG SELL,BUY
103,1653632811,1653633111,1653633411,3474,293.5,297.1,3.6,15.4963,7.5268,8.1326,1,SELL,STRONG SELL,NEUTRAL
104,1653633118,1653633418,1653633718,3475,297.1,295.6,-1.5,17.7799,7.7528,10.2142,0,NEUTRAL,NEUTRAL,BUY
105,1653633424,1653633724,1653634024,3476,295.6,296.6,1.0,15.3161,7.7386,7.7386,1,SELL,SELL,NEUTRAL
106,1653633730,1653634030,1653634330,3477,296.6,296.2,-0.4,15.3658,7.8043,7.7233,0,SELL,SELL,NEUTRAL
107,1653634036,1653634336,1653634636,3478,296.2,297.2,1.0,16.3142,7.7062,8.7797,1,SELL,SELL,NEUTRAL
108,1653634342,1653634642,1653634942,3479,297.2,297.1,-0.1,15.5503,7.657,8.057,0,NEUTRAL,NEUTRAL,NEUTRAL
109,1653634648,1653634948,1653635248,3480,297.1,297.4,0.3,15.2339,7.6971,7.6971,1,NEUTRAL,NEUTRAL,NEUTRAL
110,1653634954,1653635254,1653635554,3481,297.4,298.3,0.9,15.3527,7.7383,7.776,1,NEUTRAL,NEUTRAL,SELL
111,1653635260,1653635560,1653635860,3482,298.3,298.1,-0.2,15.2843,7.7226,7.7226,0,BUY,BUY,BUY
112,1653635566,1653635866,1653636166,3483,298.1,298.5,0.4,16.187,8.2448,8.1126,1,BUY,BUY,NEUTRAL
113,1653635872,1653636172,1653636472,3484,298.5,300.4,1.9,15.6707,8.1678,7.6678,1,BUY,BUY,NEUTRAL
114,1653636178,1653636478,1653636778,3485,300.4,300.5,0.1,14.9927,7.5852,7.5652,1,BUY,BUY,BUY
115,1653636484,1653636784,1653637084,3486,300.5,300.0,-0.5,15.0212,7.5897,7.5897,0,NEUTRAL,BUY,SELL
116,1653636787,1653637087,1653637387,3487,300.0,299.4,-0.6,15.7489,7.6207,8.2939,0,NEUTRAL,BUY,SELL
117,1653637093,1653637393,1653637693,3488,299.4,299.3,-0.1,16.8219,9.171,7.828,0,BUY,BUY,NEUTRAL
118,1653637399,1653637699,1653637999,3489,299.3,298.9,-0.4,15.5664,7.9346,7.7956,0,BUY,BUY,NEUTRAL
119,1653637703,1653638003,1653638303,3490,298.9,298.5,-0.4,15.5865,7.9483,7.8022,0,BUY,BUY,NEUTRAL
120,1653638009,1653638309,1653638609,3491,298.5,296.9,-1.6,16.0564,7.7713,8.4541,0,NEUTRAL,NEUTRAL,NEUTRAL
121,1653638315,1653638615,1653638915,3492,296.9,297.5,0.6,15.8354,8.4133,7.5888,1,SELL,STRONG SELL,NEUTRAL
122,1653638621,1653638921,1653639221,3493,297.5,299.0,1.5,15.4748,7.8219,7.8158,1,SELL,STRONG SELL,SELL
123,1653638927,1653639227,1653639527,3494,299.0,299.3,0.3,16.0775,8.6211,7.6256,1,BUY,BUY,NEUTRAL
124,1653639233,1653639533,1653639833,3495,299.3,298.0,-1.3,15.2777,7.6567,7.7818,0,BUY,BUY,NEUTRAL
125,1653639539,1653639839,1653640139,3496,298.0,298.0,0.0,0.0,7.9332,8.5334,0,SELL,STRONG SELL,NEUTRAL
126,1653639847,1653640147,1653640447,3497,298.0,298.6,0.6,15.6056,7.815,7.9549,1,SELL,STRONG SELL,NEUTRAL
127,1653640153,1653640453,1653640753,3498,298.6,298.5,-0.1,15.9096,8.4081,7.6689,0,SELL,STRONG SELL,SELL
128,1653640459,1653640759,1653641059,3499,298.5,298.0,-0.5,16.0087,7.7771,8.4001,0,NEUTRAL,BUY,NEUTRAL
129,1653640765,1653641065,1653641365,3500,298.0,298.8,0.8,15.5346,7.5786,8.1195,1,SELL,STRONG SELL,SELL
130,1653641071,1653641371,1653641671,3501,298.8,297.2,-1.6,16.0552,8.5989,7.6253,0,BUY,BUY,NEUTRAL
131,1653641377,1653641677,1653641977,3502,297.2,297.2,0.0,0.0,8.561,8.3658,0,STRONG SELL,STRONG SELL,NEUTRAL
132,1653641683,1653641983,1653642283,3503,297.2,296.8,-0.4,15.4357,7.6107,7.9876,0,SELL,STRONG SELL,NEUTRAL
133,1653641989,1653642289,1653642589,3504,296.8,297.5,0.7,15.3122,7.7367,7.7367,1,SELL,STRONG SELL,SELL
134,1653642295,1653642595,1653642895,3505,297.5,297.6,0.1,15.27,7.7154,7.7154,1,SELL,STRONG SELL,NEUTRAL
135,1653642601,1653642901,1653643201,3506,297.6,298.4,0.8,15.4088,7.7855,7.7855,1,SELL,STRONG SELL,NEUTRAL
136,1653642907,1653643207,1653643507,3507,298.4,298.4,0.0,0.0,7.6037,8.3846,0,NEUTRAL,SELL,NEUTRAL
137,1653643213,1653643513,1653643813,3508,298.4,299.0,0.6,15.0622,7.6104,7.6104,1,BUY,BUY,NEUTRAL
138,1653643519,1653643819,1653644119,3509,299.0,299.4,0.4,15.4236,7.7975,7.7885,1,BUY,BUY,BUY
139,1653643825,1653644125,1653644425,3510,299.4,299.9,0.5,15.384,7.773,7.773,1,BUY,BUY,NEUTRAL
140,1653644131,1653644431,1653644731,3511,299.9,299.6,-0.3,15.3046,7.7328,7.7328,0,BUY,STRONG BUY,NEUTRAL
141,1653644437,1653644737,1653645037,3512,299.6,299.6,0.0,0.0,7.6959,7.7207,0,BUY,BUY,SELL
142,1653644743,1653645043,1653645343,3513,299.6,301.1,1.5,15.1962,7.6781,7.6781,1,BUY,BUY,NEUTRAL
143,1653645049,1653645349,1653645649,3514,301.1,300.7,-0.4,15.4711,7.8245,7.8095,0,BUY,STRONG BUY,NEUTRAL
144,1653645355,1653645655,1653645955,3515,300.7,300.0,-0.7,15.143,7.6512,7.6512,0,BUY,STRONG BUY,NEUTRAL
145,1653645661,1653645961,1653646261,3516,300.0,300.8,0.8,15.4089,7.573,7.998,1,BUY,BUY,NEUTRAL
146,1653645967,1653646267,1653646567,3517,300.8,300.6,-0.2,15.6135,7.6889,8.0889,0,BUY,STRONG BUY,BUY
147,1653646273,1653646573,1653646873,3518,300.6,300.4,-0.2,15.4677,8.0153,7.6153,0,BUY,STRONG BUY,NEUTRAL
148,1653646579,1653646879,1653647179,3519,300.4,299.7,-0.7,15.2992,7.7301,7.7301,0,BUY,STRONG BUY,NEUTRAL
149,1653646885,1653647185,1653647485,3520,299.7,299.6,-0.1,14.9635,7.5605,7.5605,0,NEUTRAL,BUY,NEUTRAL
150,1653647191,1653647491,1653647791,3521,299.6,299.7,0.1,15.3033,7.7322,7.7322,1,BUY,BUY,NEUTRAL
151,1653647497,1653647797,1653648097,3522,299.7,300.5,0.8,15.5063,7.8348,7.8348,1,BUY,BUY,NEUTRAL
152,1653647803,1653648103,1653648403,3523,300.5,300.1,-0.4,15.4817,7.8223,7.8223,0,BUY,STRONG BUY,SELL
153,1653648109,1653648409,1653648709,3524,300.1,299.8,-0.3,15.2556,7.5581,7.8581,0,BUY,STRONG BUY,SELL
154,1653648415,1653648715,1653649015,3525,299.8,298.8,-1.0,15.3886,7.8086,7.742,0,NEUTRAL,SELL,NEUTRAL
155,1653648718,1653649018,1653649318,3526,298.8,299.2,0.4,15.0982,7.6136,7.6436,1,SELL,SELL,NEUTRAL
156,1653649024,1653649324,1653649624,3527,299.2,299.4,0.2,15.2086,7.8343,7.5343,1,STRONG SELL,STRONG SELL,SELL
157,1653649333,1653649633,1653649933,3528,299.4,300.2,0.8,15.409,7.7706,7.8006,1,SELL,SELL,NEUTRAL
158,1653649639,1653649939,1653650239,3529,300.2,299.2,-1.0,15.6592,7.832,7.992,0,BUY,STRONG BUY,NEUTRAL
159,1653649945,1653650245,1653650545,3530,299.2,299.4,0.2,15.5773,7.9706,7.7706,1,SELL,STRONG SELL,SELL
160,1653650251,1653650551,1653650851,3531,299.4,301.5,2.1,15.1209,7.6455,7.6345,1,SELL,STRONG SELL,NEUTRAL
161,1653650557,1653650857,1653651157,3532,301.5,301.5,0.0,0.0,7.5619,7.8019,0,BUY,STRONG BUY,BUY
162,1653650863,1653651163,1653651463,3533,301.5,301.3,-0.2,15.4967,7.7849,7.8749,0,BUY,STRONG BUY,NEUTRAL
163,1653651169,1653651469,1653651769,3534,301.3,301.7,0.4,14.9683,7.5684,7.5574,1,BUY,STRONG BUY,NEUTRAL
164,1653651475,1653651775,1653652075,3535,301.7,300.7,-1.0,15.2836,7.7722,7.6722,0,BUY,STRONG BUY,NEUTRAL
165,1653651781,1653652081,1653652381,3536,300.7,300.9,0.2,14.977,7.5873,7.5473,1,BUY,BUY,BUY
166,1653652087,1653652387,1653652687,3537,300.9,300.7,-0.2,15.2371,7.6988,7.6988,0,BUY,BUY,NEUTRAL
167,1653652393,1653652693,1653652993,3538,300.7,300.5,-0.2,15.5934,8.0288,7.7288,0,BUY,STRONG BUY,BUY
168,1653652701,1653653001,1653653301,3539,300.5,301.7,1.2,11.1855,5.6571,5.6461,1,NEUTRAL,BUY,SELL
169,1653653008,1653653308,1653653608,3540,301.7,301.4,-0.3,11.461,5.7908,5.7908,0,BUY,STRONG BUY,BUY
170,1653653314,1653653614,1653653914,3541,301.4,302.7,1.3,11.418,5.7691,5.7691,1,BUY,BUY,NEUTRAL
171,1653653620,1653653920,1653654220,3542,302.7,304.6,1.9,11.4066,5.7693,5.7573,1,BUY,STRONG BUY,NEUTRAL
172,1653653926,1653654226,1653654526,3543,304.6,304.7,0.1,11.386,5.6979,5.8079,1,STRONG BUY,STRONG BUY,BUY
173,1653654231,1653654531,1653654831,3544,304.7,306.0,1.3,11.502,5.8115,5.8115,1,BUY,STRONG BUY,SELL
174,1653654537,1653654837,1653655137,3545,306.0,306.8,0.8,11.3226,5.7087,5.7332,1,STRONG BUY,STRONG BUY,NEUTRAL
175,1653654843,1653655143,1653655443,3546,306.8,308.2,1.4,11.5081,5.7946,5.8346,1,BUY,STRONG BUY,NEUTRAL
176,1653655149,1653655449,1653655749,3547,308.2,309.1,0.9,11.3011,5.655,5.765,1,BUY,STRONG BUY,NEUTRAL
177,1653655455,1653655755,1653656055,3548,309.1,307.9,-1.2,11.3889,5.7619,5.7469,0,BUY,STRONG BUY,SELL
178,1653655761,1653656061,1653656361,3549,307.9,308.2,0.3,11.2987,5.6867,5.731,1,BUY,STRONG BUY,SELL
179,1653656067,1653656367,1653656667,3550,308.2,306.7,-1.5,11.7624,5.6957,6.1906,0,BUY,STRONG BUY,NEUTRAL
180,1653656373,1653656673,1653656973,3551,306.7,306.7,0.0,0.0,5.7258,5.7008,0,BUY,STRONG BUY,NEUTRAL
181,1653656679,1653656979,1653657279,3552,306.7,307.2,0.5,11.3306,5.7299,5.7199,1,BUY,STRONG BUY,NEUTRAL
182,1653656985,1653657285,1653657585,3553,307.2,306.8,-0.4,11.6307,6.0115,5.7417,0,BUY,STRONG BUY,NEUTRAL
183,1653657291,1653657591,1653657891,3554,306.8,305.0,-1.8,12.1992,5.8354,6.4922,0,BUY,STRONG BUY,NEUTRAL
184,1653657597,1653657897,1653658197,3555,305.0,305.6,0.6,11.6183,5.8453,5.8953,1,BUY,STRONG BUY,SELL
185,1653657903,1653658203,1653658503,3556,305.6,305.6,0.0,0.0,5.9444,5.723,0,BUY,STRONG BUY,NEUTRAL
186,1653658209,1653658509,1653658809,3557,305.6,307.2,1.6,12.1919,5.8351,6.4851,1,BUY,STRONG BUY,NEUTRAL
187,1653658515,1653658815,1653659115,3558,307.2,306.3,-0.9,12.3766,6.0757,6.4312,0,BUY,STRONG BUY,NEUTRAL
188,1653658821,1653659121,1653659421,3559,306.3,306.5,0.2,12.8927,6.4142,6.6142,1,NEUTRAL,BUY,SELL
189,1653659128,1653659428,1653659728,3560,306.5,307.8,1.3,11.5815,5.8717,5.8317,1,BUY,STRONG BUY,NEUTRAL
190,1653659434,1653659734,1653660034,3561,307.8,308.0,0.2,11.5601,5.8409,5.8409,1,BUY,STRONG BUY,SELL
191,1653659740,1653660040,1653660340,3562,308.0,308.0,0.0,0.0,5.7463,5.7344,0,BUY,STRONG BUY,SELL
192,1653660046,1653660346,1653660646,3563,308.0,306.7,-1.3,11.4386,5.7495,5.8095,0,BUY,STRONG BUY,NEUTRAL
193,1653660352,1653660652,1653660952,3564,306.7,306.1,-0.6,11.5068,5.8139,5.8139,0,BUY,BUY,NEUTRAL
194,1653660658,1653660958,1653661258,3565,306.1,305.1,-1.0,11.2268,5.6975,5.6475,0,NEUTRAL,BUY,NEUTRAL
195,1653660964,1653661264,1653661564,3566,305.1,306.3,1.2,15.9584,7.7682,8.3582,1,SELL,SELL,NEUTRAL
196,1653661270,1653661570,1653661870,3567,306.3,305.3,-1.0,15.4266,7.7595,7.8295,0,BUY,BUY,NEUTRAL
197,1653661576,1653661876,1653662176,3568,305.3,303.5,-1.8,15.1686,7.6691,7.6591,0,NEUTRAL,BUY,NEUTRAL
198,1653661882,1653662182,1653662482,3569,303.5,304.2,0.7,15.5442,7.6101,8.0977,1,SELL,STRONG SELL,SELL
199,1653662188,1653662488,1653662788,3570,304.2,302.1,-2.1,15.3957,7.6211,7.9367,0,NEUTRAL,SELL,NEUTRAL
200,1653662494,1653662794,1653663094,3571,302.1,302.3,0.2,15.2487,7.6846,7.7246,1,SELL,STRONG SELL,NEUTRAL
201,1653662800,1653663100,1653663400,3572,302.3,301.9,-0.4,15.3942,7.7781,7.7781,0,SELL,STRONG SELL,NEUTRAL
202,1653663107,1653663407,1653663707,3573,301.9,301.5,-0.4,15.6673,7.6511,8.1811,0,SELL,STRONG SELL,BUY
203,1653663413,1653663713,1653664013,3574,301.5,302.2,0.7,15.3119,7.7103,7.7628,1,SELL,STRONG SELL,NEUTRAL
204,1653663718,1653664018,1653664318,3575,302.2,302.6,0.4,16.3417,8.7569,7.7569,1,SELL,STRONG SELL,NEUTRAL
205,1653664024,1653664324,1653664624,3576,302.6,303.7,1.1,15.4349,7.5624,8.0349,1,SELL,SELL,NEUTRAL
206,1653664330,1653664630,1653664930,3577,303.7,303.1,-0.6,15.2789,7.7199,7.7199,0,NEUTRAL,SELL,NEUTRAL
207,1653664636,1653664936,1653665236,3578,303.1,302.8,-0.3,15.4631,7.7879,7.8379,0,SELL,SELL,NEUTRAL
208,1653664942,1653665242,1653665542,3579,302.8,304.0,1.2,15.9478,7.8078,8.3078,1,SELL,STRONG SELL,SELL
209,1653665248,1653665548,1653665848,3580,304.0,303.1,-0.9,15.3425,7.752,7.752,0,BUY,BUY,NEUTRAL
210,1653665553,1653665853,1653666153,3581,303.1,303.8,0.7,15.1232,7.6537,7.6287,1,SELL,SELL,NEUTRAL
211,1653665860,1653666160,1653666460,3582,303.8,303.5,-0.3,15.5189,7.8601,7.8221,0,BUY,BUY,BUY
212,1653666166,1653666466,1653666766,3583,303.5,303.7,0.2,15.243,7.7018,7.7018,1,NEUTRAL,BUY,NEUTRAL
213,1653666472,1653666772,1653667072,3584,303.7,301.4,-2.3,15.1699,7.6648,7.6648,0,BUY,BUY,NEUTRAL
214,1653666778,1653667078,1653667378,3585,301.4,302.8,1.4,15.1283,7.6753,7.6122,1,SELL,STRONG SELL,SELL
215,1653667084,1653667384,1653667684,3586,302.8,300.9,-1.9,15.4464,7.7955,7.8135,0,BUY,BUY,BUY
216,1653667391,1653667691,1653667991,3587,300.9,303.1,2.2,15.7306,7.8527,8.0434,1,STRONG SELL,STRONG SELL,SELL
217,1653667697,1653667997,1653668297,3588,303.1,302.9,-0.2,15.5249,7.7993,7.8891,0,BUY,BUY,BUY
218,1653668003,1653668303,1653668603,3589,302.9,301.4,-1.5,16.1828,8.5935,7.7596,0,SELL,SELL,NEUTRAL
219,1653668309,1653668609,1653668909,3590,301.4,301.9,0.5,16.0592,8.4276,7.8006,1,SELL,STRONG SELL,NEUTRAL
220,1653668614,1653668914,1653669214,3591,301.9,301.9,0.0,0.0,7.7575,8.193,0,SELL,STRONG SELL,SELL
221,1653668921,1653669221,1653669521,3592,301.9,301.7,-0.2,16.5316,7.9798,8.7259,0,SELL,STRONG SELL,SELL
222,1653669226,1653669526,1653669826,3593,301.7,302.6,0.9,15.1293,7.7068,7.5818,1,STRONG SELL,STRONG SELL,SELL
223,1653669531,1653669831,1653670131,3594,302.6,303.3,0.7,16.7771,9.1301,7.8236,1,SELL,SELL,BUY
224,1653669839,1653670139,1653670439,3595,303.3,301.2,-2.1,15.1772,7.6072,7.7297,0,STRONG BUY,STRONG BUY,BUY
225,1653670145,1653670445,1653670745,3596,301.2,302.1,0.9,15.4511,7.8069,7.8069,1,SELL,STRONG SELL,NEUTRAL
226,1653670451,1653670751,1653671051,3597,302.1,301.3,-0.8,15.2759,7.7995,7.6373,0,SELL,STRONG SELL,BUY
227,1653670757,1653671057,1653671357,3598,301.3,302.0,0.7,16.0369,8.3028,7.9029,1,SELL,STRONG SELL,SELL
228,1653671063,1653671363,1653671663,3599,302.0,301.9,-0.1,15.3514,7.7645,7.7485,0,SELL,STRONG SELL,BUY
229,1653671369,1653671669,1653671969,3600,301.9,298.2,-3.7,15.1161,7.5479,7.7273,0,SELL,STRONG SELL,NEUTRAL
230,1653671674,1653671974,1653672274,3601,298.2,298.2,0.0,0.0,8.9173,7.8878,0,STRONG SELL,STRONG SELL,SELL
231,1653671982,1653672282,1653672582,3602,298.2,299.8,1.6,15.1118,7.6554,7.6154,1,STRONG SELL,STRONG SELL,NEUTRAL
232,1653672288,1653672588,1653672888,3603,299.8,298.1,-1.7,15.5992,7.9559,7.8076,0,SELL,STRONG SELL,NEUTRAL
233,1653672594,1653672894,1653673194,3604,298.1,299.0,0.9,15.8422,7.6179,8.3911,1,STRONG SELL,STRONG SELL,SELL
234,1653672900,1653673200,1653673500,3605,299.0,298.4,-0.6,15.1812,7.6908,7.6502,0,SELL,STRONG SELL,NEUTRAL
235,1653673206,1653673506,1653673806,3606,298.4,298.5,0.1,14.9138,7.5354,7.5354,1,SELL,STRONG SELL,NEUTRAL
236,1653673512,1653673812,1653674112,3607,298.5,297.9,-0.6,15.142,7.6457,7.6557,0,SELL,STRONG SELL,NEUTRAL
237,1653673818,1653674118,1653674418,3608,297.9,297.5,-0.4,15.9529,7.5776,8.5432,0,SELL,STRONG SELL,SELL
238,1653674124,1653674424,1653674724,3609,297.5,299.1,1.6,15.4781,7.8205,7.8205,1,SELL,STRONG SELL,BUY
239,1653674430,1653674730,1653675030,3610,299.1,299.4,0.3,15.1383,7.6488,7.6488,1,SELL,STRONG SELL,NEUTRAL
240,1653674736,1653675036,1653675336,3611,299.4,298.5,-0.9,15.8957,8.4299,7.6331,0,SELL,STRONG SELL,NEUTRAL
241,1653675042,1653675342,1653675642,3612,298.5,298.5,0.0,0.0,8.1573,7.6743,0,STRONG SELL,STRONG SELL,NEUTRAL
242,1653675348,1653675648,1653675948,3613,298.5,297.8,-0.7,15.7698,8.1076,7.8282,0,SELL,STRONG SELL,BUY
243,1653675654,1653675954,1653676254,3614,297.8,298.1,0.3,17.6338,7.8191,10.0003,1,SELL,STRONG SELL,NEUTRAL
244,1653675960,1653676260,1653676560,3615,298.1,299.3,1.2,15.2935,7.8272,7.6272,1,SELL,STRONG SELL,NEUTRAL
245,1653676266,1653676566,1653676866,3616,299.3,298.3,-1.0,16.0512,8.3733,7.8468,0,SELL,STRONG SELL,NEUTRAL
246,1653676572,1653676872,1653677172,3617,298.3,296.1,-2.2,15.8425,8.2093,7.8,0,SELL,STRONG SELL,NEUTRAL
247,1653676878,1653677178,1653677478,3618,296.1,296.7,0.6,16.4893,8.7156,7.9473,1,STRONG SELL,STRONG SELL,SELL
248,1653677184,1653677484,1653677784,3619,296.7,297.7,1.0,15.5074,7.8643,7.8064,1,STRONG SELL,STRONG SELL,NEUTRAL
249,1653677490,1653677790,1653678090,3620,297.7,298.4,0.7,15.7018,7.787,8.0801,1,SELL,STRONG SELL,NEUTRAL
250,1653677798,1653678098,1653678398,3621,298.4,297.7,-0.7,15.6829,7.9087,7.9393,0,SELL,STRONG SELL,BUY
251,1653678103,1653678403,1653678703,3622,297.7,296.5,-1.2,15.8669,7.6763,8.3577,0,SELL,STRONG SELL,BUY
252,1653678408,1653678708,1653679008,3623,296.5,296.6,0.1,15.0512,7.6415,7.5682,1,SELL,STRONG SELL,NEUTRAL
253,1653678714,1653679014,1653679314,3624,296.6,296.4,-0.2,16.4654,8.7841,7.8547,0,SELL,STRONG SELL,BUY
254,1653679020,1653679320,1653679620,3625,296.4,297.6,1.2,15.6296,7.6882,8.1059,1,STRONG SELL,STRONG SELL,NEUTRAL
255,1653679326,1653679626,1653679926,3626,297.6,298.2,0.6,15.4234,7.6729,7.9129,1,SELL,STRONG SELL,BUY
256,1653679632,1653679932,1653680232,3627,298.2,298.2,0.0,0.0,7.6951,7.7835,0,NEUTRAL,SELL,BUY
257,1653679938,1653680238,1653680538,3628,298.2,298.6,0.4,15.1426,7.651,7.651,1,SELL,SELL,NEUTRAL
258,1653680244,1653680544,1653680844,3629,298.6,298.5,-0.1,15.7293,7.7724,8.1225,0,NEUTRAL,NEUTRAL,NEUTRAL
259,1653680550,1653680850,1653681150,3630,298.5,301.2,2.7,15.383,7.7725,7.7725,1,NEUTRAL,SELL,NEUTRAL
260,1653680856,1653681156,1653681456,3631,301.2,301.3,0.1,15.525,7.7445,7.9439,1,STRONG BUY,STRONG BUY,BUY
261,1653681162,1653681462,1653681762,3632,301.3,301.0,-0.3,15.3319,7.7466,7.7466,0,BUY,STRONG BUY,SELL
262,1653681468,1653681768,1653682068,3633,301.0,303.0,2.0,15.0823,7.6106,7.6306,1,BUY,STRONG BUY,NEUTRAL
263,1653681774,1653682074,1653682374,3634,303.0,302.3,-0.7,15.2304,7.7725,7.6182,0,BUY,STRONG BUY,BUY
264,1653682080,1653682380,1653682680,3635,302.3,302.5,0.2,15.9127,7.7788,8.3015,1,BUY,STRONG BUY,SELL
265,1653682386,1653682686,1653682986,3636,302.5,303.4,0.9,15.4255,7.598,7.9899,1,BUY,STRONG BUY,NEUTRAL
266,1653682694,1653682994,1653683294,3637,303.4,303.2,-0.2,15.0798,7.6193,7.6193,0,STRONG BUY,STRONG BUY,BUY
267,1653683000,1653683300,1653683600,3638,303.2,303.3,0.1,16.1187,7.5568,8.7315,1,BUY,STRONG BUY,SELL
268,1653683306,1653683606,1653683906,3639,303.3,302.8,-0.5,15.0951,7.627,7.627,0,BUY,STRONG BUY,NEUTRAL
269,1653683612,1653683912,1653684212,3640,302.8,302.6,-0.2,15.3665,7.7641,7.7641,0,BUY,STRONG BUY,NEUTRAL
270,1653683918,1653684218,1653684518,3641,302.6,302.5,-0.1,15.3141,7.7436,7.7317,0,BUY,STRONG BUY,NEUTRAL
271,1653684224,1653684524,1653684824,3642,302.5,302.0,-0.5,15.4411,7.8018,7.8018,0,STRONG BUY,STRONG BUY,BUY
272,1653684530,1653684830,1653685130,3643,302.0,301.6,-0.4,15.6804,7.8308,8.0147,0,BUY,STRONG BUY,NEUTRAL
273,1653684836,1653685136,1653685436,3644,301.6,301.8,0.2,15.9573,7.5342,8.5911,1,NEUTRAL,BUY,SELL
274,1653685142,1653685442,1653685742,3645,301.8,301.9,0.1,15.1948,7.6824,7.6724,1,BUY,BUY,NEUTRAL
275,1653685448,1653685748,1653686048,3646,301.9,301.4,-0.5,15.7107,7.8839,7.9922,0,BUY,STRONG BUY,NEUTRAL
276,1653685754,1653686054,1653686354,3647,301.4,302.4,1.0,15.8427,7.7996,8.2098,1,SELL,SELL,SELL
277,1653686060,1653686360,1653686660,3648,302.4,302.4,0.0,0.0,7.6751,7.5897,0,STRONG BUY,STRONG BUY,NEUTRAL
278,1653686366,1653686666,1653686966,3649,302.4,302.5,0.1,15.6014,8.0097,7.756,1,STRONG BUY,STRONG BUY,NEUTRAL
279,1653686671,1653686971,1653687271,3650,302.5,302.4,-0.1,15.1377,7.6228,7.6743,0,BUY,STRONG BUY,NEUTRAL
280,1653686977,1653687277,1653687577,3651,302.4,303.1,0.7,15.4136,7.7879,7.7879,1,BUY,STRONG BUY,SELL
281,1653687283,1653687583,1653687883,3652,303.1,303.2,0.1,15.7764,8.2617,7.6808,1,STRONG BUY,STRONG BUY,NEUTRAL
282,1653687590,1653687890,1653688190,3653,303.2,302.7,-0.5,15.3482,7.8269,7.6829,0,BUY,STRONG BUY,NEUTRAL
283,1653687896,1653688196,1653688496,3654,302.7,302.9,0.2,15.0136,7.5681,7.6035,1,BUY,STRONG BUY,SELL
284,1653688199,1653688499,1653688799,3655,302.9,301.7,-1.2,15.3059,7.7485,7.7185,0,BUY,STRONG BUY,SELL
285,1653688505,1653688805,1653689105,3656,301.7,302.9,1.2,15.465,7.8049,7.8229,1,SELL,SELL,SELL
286,1653688811,1653689111,1653689411,3657,302.9,302.4,-0.5,15.0154,7.6348,7.5386,0,BUY,STRONG BUY,NEUTRAL
287,1653689117,1653689417,1653689717,3658,302.4,302.8,0.4,15.3078,7.8478,7.6211,1,BUY,STRONG BUY,NEUTRAL
288,1653689423,1653689723,1653690023,3659,302.8,303.1,0.3,15.725,8.2505,7.64,1,BUY,STRONG BUY,NEUTRAL
289,1653689726,1653690026,1653690326,3660,303.1,303.1,0.0,0.0,7.8646,7.7837,0,STRONG BUY,STRONG BUY,NEUTRAL
290,1653690035,1653690335,1653690635,3661,303.1,303.7,0.6,15.3694,7.8175,7.7136,1,BUY,STRONG BUY,SELL
291,1653690341,1653690641,1653690941,3662,303.7,303.4,-0.3,15.2655,7.8186,7.6075,0,BUY,STRONG BUY,NEUTRAL
292,1653690644,1653690944,1653691244,3663,303.4,303.3,-0.1,15.2228,7.779,7.604,0,BUY,STRONG BUY,NEUTRAL
293,1653690950,1653691250,1653691550,3664,303.3,303.4,0.1,15.3142,7.7321,7.7433,1,BUY,STRONG BUY,NEUTRAL
294,1653691256,1653691556,1653691856,3665,303.4,302.9,-0.5,15.3143,7.7241,7.7514,0,BUY,STRONG BUY,NEUTRAL
295,1653691562,1653691862,1653692162,3666,302.9,303.0,0.1,15.0353,7.5468,7.6468,1,NEUTRAL,BUY,SELL
296,1653691868,1653692168,1653692468,3667,303.0,304.0,1.0,15.6017,7.9343,7.8316,1,NEUTRAL,BUY,NEUTRAL
297,1653692174,1653692474,1653692774,3668,304.0,303.8,-0.2,15.1135,7.6856,7.5869,0,STRONG BUY,STRONG BUY,BUY
298,1653692480,1653692780,1653693080,3669,303.8,302.8,-1.0,15.0826,7.6457,7.5957,0,STRONG BUY,STRONG BUY,NEUTRAL
299,1653692786,1653693086,1653693386,3670,302.8,302.4,-0.4,15.7051,7.8911,7.9793,0,NEUTRAL,NEUTRAL,SELL
300,1653693092,1653693392,1653693692,3671,302.4,301.8,-0.6,15.366,7.7639,7.7639,0,NEUTRAL,SELL,NEUTRAL
301,1653693398,1653693698,1653693998,3672,301.8,300.6,-1.2,15.163,7.6613,7.6613,0,SELL,SELL,BUY
302,1653693704,1653694004,1653694304,3673,300.6,301.3,0.7,15.4476,7.8051,7.8051,1,SELL,STRONG SELL,NEUTRAL
303,1653694010,1653694310,1653694610,3674,301.3,301.2,-0.1,15.0456,7.602,7.602,0,SELL,STRONG SELL,NEUTRAL
304,1653694315,1653694615,1653694915,3675,301.2,300.6,-0.6,15.3302,7.7458,7.7458,0,SELL,STRONG SELL,SELL
305,1653694621,1653694921,1653695221,3676,300.6,301.2,0.6,15.3084,7.7416,7.728,1,STRONG SELL,STRONG SELL,SELL
306,1653694927,1653695227,1653695527,3677,301.2,300.9,-0.3,15.3525,7.7952,7.7189,0,SELL,STRONG SELL,NEUTRAL
307,1653695233,1653695533,1653695833,3678,300.9,300.7,-0.2,15.3474,7.7545,7.7545,0,STRONG SELL,STRONG SELL,NEUTRAL
308,1653695539,1653695839,1653696139,3679,300.7,301.2,0.5,15.4782,7.8454,7.7957,1,SELL,STRONG SELL,NEUTRAL
309,1653695845,1653696145,1653696445,3680,301.2,301.6,0.4,15.4973,7.8302,7.8302,1,SELL,STRONG SELL,NEUTRAL
310,1653696151,1653696451,1653696751,3681,301.6,302.1,0.5,15.4573,7.81,7.81,1,BUY,BUY,NEUTRAL
311,1653696460,1653696760,1653697060,3682,302.1,302.7,0.6,15.144,7.5748,7.7286,1,BUY,STRONG BUY,NEUTRAL
312,1653696766,1653697066,1653697366,3683,302.7,301.4,-1.3,15.1402,7.5448,7.7548,0,BUY,STRONG BUY,NEUTRAL
313,1653697072,1653697372,1653697672,3684,301.4,301.6,0.2,15.0491,7.6038,7.6038,1,SELL,STRONG SELL,NEUTRAL
314,1653697378,1653697678,1653697978,3685,301.6,302.3,0.7,15.0675,7.6681,7.5581,1,NEUTRAL,SELL,NEUTRAL
315,1653697684,1653697984,1653698284,3686,302.3,302.7,0.4,15.4004,7.7972,7.7654,1,STRONG BUY,STRONG BUY,BUY
316,1653697990,1653698290,1653698590,3687,302.7,303.9,1.2,15.097,7.578,7.678,1,STRONG BUY,STRONG BUY,BUY
317,1653698296,1653698596,1653698896,3688,303.9,303.8,-0.1,15.6129,7.7786,7.9986,0,STRONG BUY,STRONG BUY,BUY
318,1653698603,1653698903,1653699203,3689,303.8,304.4,0.6,15.4304,7.7964,7.7964,1,BUY,STRONG BUY,SELL
319,1653698909,1653699209,1653699509,3690,304.4,304.9,0.5,15.3641,7.7629,7.7629,1,BUY,STRONG BUY,SELL
320,1653699215,1653699515,1653699815,3691,304.9,304.6,-0.3,14.927,7.542,7.542,0,BUY,STRONG BUY,NEUTRAL
321,1653699521,1653699821,1653700121,3692,304.6,304.5,-0.1,14.9654,7.5865,7.5365,0,BUY,STRONG BUY,NEUTRAL
322,1653699827,1653700127,1653700427,3693,304.5,303.4,-1.1,14.9642,7.5609,7.5609,0,BUY,STRONG BUY,SELL
323,1653700133,1653700433,1653700733,3694,303.4,303.2,-0.2,15.7466,8.1005,7.8118,0,BUY,STRONG BUY,BUY
324,1653700442,1653700742,1653701042,3695,303.2,302.0,-1.2,15.0348,7.5965,7.5965,0,BUY,STRONG BUY,NEUTRAL
325,1653700748,1653701048,1653701348,3696,302.0,301.2,-0.8,15.9064,7.8869,8.1869,0,SELL,STRONG SELL,SELL
326,1653701054,1653701354,1653701654,3697,301.2,301.6,0.4,15.4568,7.9598,7.6598,1,SELL,STRONG SELL,SELL
327,1653701360,1653701660,1653701960,3698,301.6,301.8,0.2,15.0626,7.6191,7.6021,1,SELL,STRONG SELL,SELL
328,1653701666,1653701966,1653702266,3699,301.8,299.7,-2.1,15.5024,7.8328,7.8328,0,SELL,STRONG SELL,NEUTRAL
329,1653701972,1653702272,1653702572,3700,299.7,300.4,0.7,15.287,7.5529,7.895,1,STRONG SELL,STRONG SELL,SELL
330,1653702278,1653702578,1653702878,3701,300.4,299.4,-1.0,14.9195,7.5383,7.5383,0,SELL,STRONG SELL,NEUTRAL
331,1653702584,1653702884,1653703184,3702,299.4,299.0,-0.4,15.3035,7.7323,7.7323,0,STRONG SELL,STRONG SELL,SELL
332,1653702890,1653703190,1653703490,3703,299.0,300.2,1.2,15.2393,7.6999,7.6999,1,SELL,STRONG SELL,NEUTRAL
333,1653703196,1653703496,1653703796,3704,300.2,300.5,0.3,15.3155,7.6485,7.8282,1,SELL,STRONG SELL,BUY
334,1653703502,1653703802,1653704102,3705,300.5,300.4,-0.1,15.3853,7.5236,8.0236,0,SELL,STRONG SELL,NEUTRAL
335,1653703808,1653704108,1653704408,3706,300.4,301.2,0.8,15.5686,7.6227,8.1098,1,SELL,STRONG SELL,NEUTRAL
336,1653704114,1653704414,1653704714,3707,301.2,301.5,0.3,15.6043,8.0854,7.6831,1,SELL,STRONG SELL,NEUTRAL
337,1653704420,1653704720,1653705020,3708,301.5,301.1,-0.4,16.0391,7.9746,8.2333,0,SELL,SELL,NEUTRAL
338,1653704726,1653705026,1653705326,3709,301.1,298.9,-2.2,15.998,7.8582,8.3082,0,SELL,STRONG SELL,NEUTRAL
339,1653705032,1653705332,1653705632,3710,298.9,297.5,-1.4,15.4764,8.0299,7.6094,0,STRONG SELL,STRONG SELL,SELL
340,1653705338,1653705638,1653705938,3711,297.5,297.9,0.4,15.6204,7.7458,8.039,1,SELL,STRONG SELL,NEUTRAL
341,1653705644,1653705944,1653706244,3712,297.9,298.2,0.3,15.0971,7.628,7.628,1,SELL,STRONG SELL,BUY
342,1653705950,1653706250,1653706550,3713,298.2,298.5,0.3,15.9692,8.4774,7.6599,1,SELL,STRONG SELL,NEUTRAL
343,1653706257,1653706557,1653706857,3714,298.5,297.8,-0.7,15.3374,7.7134,7.7854,0,SELL,STRONG SELL,NEUTRAL
344,1653706563,1653706863,1653707163,3715,297.8,297.5,-0.3,15.1722,7.7363,7.5956,0,SELL,STRONG SELL,SELL
345,1653706870,1653707170,1653707470,3716,297.5,298.1,0.6,15.5564,7.9386,7.7816,1,STRONG SELL,STRONG SELL,SELL
346,1653707176,1653707476,1653707776,3717,298.1,299.2,1.1,15.1496,7.6546,7.6546,1,STRONG SELL,STRONG SELL,SELL
347,1653707482,1653707782,1653708082,3718,299.2,299.2,0.0,0.0,7.7013,7.7013,0,SELL,STRONG SELL,NEUTRAL
348,1653707788,1653708088,1653708388,3719,299.2,299.5,0.3,15.2585,7.5317,7.8874,1,SELL,SELL,NEUTRAL
349,1653708094,1653708394,1653708694,3720,299.5,299.0,-0.5,15.4293,7.7959,7.7959,0,NEUTRAL,SELL,NEUTRAL
350,1653708400,1653708700,1653709000,3721,299.0,299.5,0.5,15.6379,7.6587,8.1438,1,SELL,SELL,NEUTRAL
351,1653708708,1653709008,1653709308,3722,299.5,299.2,-0.3,15.8226,8.2446,7.7446,0,SELL,SELL,NEUTRAL
352,1653709013,1653709313,1653709613,3723,299.2,300.6,1.4,15.4383,7.6186,7.9822,1,SELL,STRONG SELL,NEUTRAL
353,1653709319,1653709619,1653709919,3724,300.6,300.4,-0.2,15.1863,7.6731,7.6731,0,NEUTRAL,BUY,NEUTRAL
354,1653709625,1653709925,1653710225,3725,300.4,300.7,0.3,15.2723,7.5593,7.8737,1,BUY,BUY,NEUTRAL
355,1653709931,1653710231,1653710531,3726,300.7,300.5,-0.2,15.4894,7.5537,8.0987,0,BUY,BUY,NEUTRAL
356,1653710237,1653710537,1653710837,3727,300.5,300.6,0.1,15.6941,8.0436,7.8157,1,NEUTRAL,BUY,NEUTRAL
357,1653710543,1653710843,1653711143,3728,300.6,300.2,-0.4,14.9563,7.5569,7.5569,0,NEUTRAL,NEUTRAL,NEUTRAL
358,1653710849,1653711149,1653711449,3729,300.2,300.1,-0.1,16.0378,7.7855,8.4212,0,NEUTRAL,NEUTRAL,NEUTRAL
359,1653711155,1653711455,1653711755,3730,300.1,300.3,0.2,15.9408,7.8043,8.3043,1,NEUTRAL,NEUTRAL,NEUTRAL
360,1653711461,1653711761,1653712061,3731,300.3,302.1,1.8,15.0751,7.6169,7.6169,1,NEUTRAL,NEUTRAL,NEUTRAL
361,1653711767,1653712067,1653712367,3732,302.1,301.9,-0.2,15.1125,7.6358,7.6358,0,STRONG BUY,STRONG BUY,BUY
362,1653712073,1653712373,1653712673,3733,301.9,301.9,0.0,0.0,7.6023,7.6023,0,BUY,STRONG BUY,NEUTRAL
363,1653712379,1653712679,1653712979,3734,301.9,301.9,0.0,0.0,7.6993,7.6993,0,BUY,STRONG BUY,SELL
364,1653712685,1653712985,1653713285,3735,301.9,301.6,-0.3,15.3549,7.7583,7.7583,0,BUY,STRONG BUY,NEUTRAL
365,1653712991,1653713291,1653713591,3736,301.6,302.0,0.4,15.3216,7.6155,7.8674,1,BUY,STRONG BUY,NEUTRAL
366,1653713297,1653713597,1653713897,3737,302.0,302.5,0.5,15.4716,7.8172,7.8172,1,BUY,STRONG BUY,BUY
367,1653713602,1653713902,1653714202,3738,302.5,301.8,-0.7,15.7428,7.671,8.2375,0,BUY,STRONG BUY,SELL
368,1653713910,1653714210,1653714510,3739,301.8,301.7,-0.1,15.0234,7.5908,7.5908,0,BUY,BUY,NEUTRAL
369,1653714215,1653714515,1653714815,3740,301.7,301.8,0.1,16.1951,7.796,8.5696,1,BUY,BUY,BUY
370,1653714519,1653714819,1653715119,3741,301.8,301.6,-0.2,15.4931,7.8281,7.8281,0,BUY,STRONG BUY,NEUTRAL
371,1653714825,1653715125,1653715425,3742,301.6,301.4,-0.2,15.2921,7.7265,7.7265,0,NEUTRAL,BUY,NEUTRAL
372,1653715131,1653715431,1653715731,3743,301.4,301.7,0.3,15.433,7.7977,7.7977,1,NEUTRAL,BUY,NEUTRAL
373,1653715437,1653715737,1653716037,3744,301.7,301.3,-0.4,15.3446,7.7531,7.7531,0,BUY,STRONG BUY,NEUTRAL
374,1653715743,1653716043,1653716343,3745,301.3,303.3,2.0,15.3909,7.7764,7.7764,1,NEUTRAL,NEUTRAL,NEUTRAL
375,1653716049,1653716349,1653716649,3746,303.3,303.4,0.1,15.3021,7.715,7.7482,1,STRONG BUY,STRONG BUY,BUY
376,1653716355,1653716655,1653716955,3747,303.4,302.6,-0.8,14.9295,7.5433,7.5433,0,BUY,STRONG BUY,NEUTRAL
377,1653716662,1653716962,1653717262,3748,302.6,302.6,0.0,0.0,7.5901,7.5901,0,BUY,STRONG BUY,NEUTRAL
378,1653716968,1653717268,1653717568,3749,302.6,302.7,0.1,15.2624,7.7115,7.7115,1,BUY,STRONG BUY,BUY
379,1653717274,1653717574,1653717874,3750,302.7,302.3,-0.4,16.011,8.4435,7.736,0,BUY,STRONG BUY,NEUTRAL
380,1653717580,1653717880,1653718180,3751,302.3,302.0,-0.3,15.8563,8.4879,7.5354,0,BUY,BUY,SELL
381,1653717886,1653718186,1653718486,3752,302.0,302.1,0.1,16.3629,8.9063,7.6289,1,BUY,BUY,NEUTRAL
382,1653718192,1653718492,1653718792,3753,302.1,301.7,-0.4,15.3163,7.5842,7.8934,0,BUY,STRONG BUY,NEUTRAL
383,1653718498,1653718798,1653719098,3754,301.7,302.2,0.5,17.0283,9.3101,7.8975,1,SELL,SELL,SELL
384,1653718804,1653719104,1653719404,3755,302.2,302.0,-0.2,15.8492,7.8082,8.2078,0,BUY,BUY,NEUTRAL
385,1653719110,1653719410,1653719710,3756,302.0,302.3,0.3,15.3456,7.962,7.5451,1,BUY,BUY,NEUTRAL
386,1653719416,1653719716,1653720016,3757,302.3,303.0,0.7,15.7815,8.1931,7.7545,1,BUY,STRONG BUY,NEUTRAL
387,1653719722,1653720022,1653720322,3758,303.0,303.3,0.3,12.7121,7.025,5.8209,1,STRONG BUY,STRONG BUY,NEUTRAL
388,1653720028,1653720328,1653720628,3759,303.3,303.0,-0.3,11.8401,5.7104,6.2544,0,BUY,STRONG BUY,NEUTRAL
389,1653720334,1653720634,1653720934,3760,303.0,302.6,-0.4,12.4411,6.3093,6.2628,0,BUY,STRONG BUY,BUY
390,1653720640,1653720940,1653721240,3761,302.6,302.9,0.3,12.144,6.4294,5.8423,1,BUY,STRONG BUY,NEUTRAL
391,1653720945,1653721245,1653721545,3762,302.9,303.1,0.2,12.7721,5.8198,7.0868,1,BUY,STRONG BUY,NEUTRAL
392,1653721254,1653721554,1653721854,3763,303.1,302.7,-0.4,12.1118,5.6693,6.57,0,STRONG BUY,STRONG BUY,BUY
393,1653721561,1653721861,1653722161,3764,302.7,302.0,-0.7,11.2884,5.7036,5.7036,0,BUY,BUY,SELL
394,1653721870,1653722170,1653722470,3765,302.0,301.7,-0.3,12.6478,6.7049,6.0761,0,SELL,SELL,SELL
395,1653722176,1653722476,1653722776,3766,301.7,302.0,0.3,11.4113,5.7657,5.7657,1,SELL,SELL,NEUTRAL
396,1653722482,1653722782,1653723082,3767,302.0,301.6,-0.4,12.8364,6.9538,6.0178,0,NEUTRAL,NEUTRAL,SELL
397,1653722788,1653723088,1653723388,3768,301.6,301.4,-0.2,12.266,6.7383,5.6568,0,SELL,STRONG SELL,NEUTRAL
398,1653723094,1653723394,1653723694,3769,301.4,301.4,0.0,0.0,6.5665,5.8157,0,SELL,STRONG SELL,BUY
399,1653723398,1653723698,1653723998,3770,301.4,301.4,0.0,0.0,10.0281,5.9792,0,SELL,STRONG SELL,NEUTRAL
400,1653723704,1653724004,1653724304,3771,301.4,302.2,0.8,11.3956,5.7653,5.7503,1,SELL,STRONG SELL,BUY
401,1653724010,1653724310,1653724610,3772,302.2,302.1,-0.1,14.0611,5.7802,8.4289,0,BUY,STRONG BUY,NEUTRAL
402,1653724316,1653724616,1653724916,3773,302.1,302.1,0.0,0.0,5.7526,6.1567,0,BUY,STRONG BUY,NEUTRAL
403,1653724622,1653724922,1653725222,3774,302.1,302.6,0.5,14.6936,9.1425,5.7058,1,BUY,STRONG BUY,NEUTRAL
404,1653724928,1653725228,1653725528,3775,302.6,303.0,0.4,11.3207,5.7199,5.7199,1,BUY,STRONG BUY,BUY
405,1653725234,1653725534,1653725834,3776,303.0,302.6,-0.4,15.2588,5.6906,9.7289,0,STRONG BUY,STRONG BUY,BUY
406,1653725541,1653725841,1653726141,3777,302.6,301.8,-0.8,11.5384,5.7424,5.9175,0,BUY,STRONG BUY,NEUTRAL
407,1653725848,1653726148,1653726448,3778,301.8,301.0,-0.8,13.5426,5.7458,7.9393,0,SELL,SELL,NEUTRAL
408,1653726154,1653726454,1653726754,3779,301.0,300.2,-0.8,12.8909,7.3653,5.6613,0,STRONG SELL,STRONG SELL,SELL
409,1653726460,1653726760,1653727060,3780,300.2,300.6,0.4,13.345,7.6645,5.821,1,STRONG SELL,STRONG SELL,SELL
410,1653726766,1653727066,1653727366,3781,300.6,301.4,0.8,11.7054,5.7728,6.0558,1,SELL,STRONG SELL,NEUTRAL
411,1653727074,1653727374,1653727674,3782,301.4,301.3,-0.1,11.8688,5.8469,6.1469,0,SELL,STRONG SELL,SELL
412,1653727380,1653727680,1653727980,3783,301.3,301.0,-0.3,11.2311,5.6747,5.6747,0,SELL,STRONG SELL,SELL
413,1653727687,1653727987,1653728287,3784,301.0,301.1,0.1,11.3269,5.7231,5.7231,1,STRONG SELL,STRONG SELL,SELL
414,1653727993,1653728293,1653728593,3785,301.1,300.2,-0.9,11.7678,5.7958,6.0958,0,STRONG SELL,STRONG SELL,SELL
415,1653728296,1653728596,1653728896,3786,300.2,300.2,0.0,0.0,5.7121,6.437,0,STRONG SELL,STRONG SELL,SELL
416,1653728602,1653728902,1653729202,3787,300.2,301.2,1.0,11.6309,5.8983,5.855,1,SELL,STRONG SELL,NEUTRAL
417,1653728910,1653729210,1653729510,3788,301.2,301.5,0.3,11.2586,5.6885,5.6885,1,SELL,STRONG SELL,NEUTRAL
418,1653729216,1653729516,1653729816,3789,301.5,301.6,0.1,12.4764,5.7789,6.8289,1,BUY,BUY,NEUTRAL
419,1653729522,1653729822,1653730122,3790,301.6,301.3,-0.3,11.2104,5.6642,5.6642,0,BUY,STRONG BUY,BUY
420,1653729828,1653730128,1653730428,3791,301.3,300.6,-0.7,14.1039,5.8524,8.4,0,SELL,SELL,NEUTRAL
421,1653730134,1653730434,1653730734,3792,300.6,301.0,0.4,11.4586,5.7896,5.7896,1,STRONG SELL,STRONG SELL,NEUTRAL
422,1653730438,1653730738,1653731038,3793,301.0,300.5,-0.5,13.6481,8.0215,5.7702,0,SELL,STRONG SELL,BUY
423,1653730743,1653731043,1653731343,3794,300.5,301.1,0.6,11.5311,5.8262,5.8262,1,STRONG SELL,STRONG SELL,NEUTRAL
424,1653731050,1653731350,1653731650,3795,301.1,300.9,-0.2,11.462,5.6697,5.913,0,SELL,STRONG SELL,NEUTRAL
425,1653731356,1653731656,1653731956,3796,300.9,300.5,-0.4,11.6202,5.8713,5.8713,0,SELL,STRONG SELL,NEUTRAL
426,1653731662,1653731962,1653732262,3797,300.5,299.9,-0.6,11.6233,5.8728,5.8728,0,SELL,STRONG SELL,NEUTRAL
427,1653731968,1653732268,1653732568,3798,299.9,299.7,-0.2,13.8625,8.2293,5.7791,0,STRONG SELL,STRONG SELL,SELL
428,1653732274,1653732574,1653732874,3799,299.7,299.9,0.2,11.5653,5.8435,5.8435,1,STRONG SELL,STRONG SELL,NEUTRAL
429,1653732580,1653732880,1653733180,3800,299.9,300.1,0.2,11.2487,5.6843,5.6829,1,SELL,STRONG SELL,NEUTRAL
430,1653732886,1653733186,1653733486,3801,300.1,301.4,1.3,11.823,6.2087,5.7387,1,SELL,STRONG SELL,BUY
431,1653733192,1653733492,1653733792,3802,301.4,301.8,0.4,11.9473,5.7522,6.3208,1,BUY,STRONG BUY,BUY
432,1653733501,1653733801,1653734101,3803,301.8,301.3,-0.5,13.8092,8.1597,5.7949,0,STRONG BUY,STRONG BUY,BUY
433,1653733807,1653734107,1653734407,3804,301.3,300.4,-0.9,11.383,5.7514,5.7514,0,NEUTRAL,NEUTRAL,NEUTRAL
434,1653734113,1653734413,1653734713,3805,300.4,300.8,0.4,11.1743,5.646,5.646,1,SELL,SELL,NEUTRAL
435,1653734419,1653734719,1653735019,3806,300.8,301.1,0.3,11.3947,5.8043,5.7103,1,SELL,STRONG SELL,BUY
436,1653734725,1653735025,1653735325,3807,301.1,301.7,0.6,11.439,5.7797,5.7797,1,NEUTRAL,NEUTRAL,NEUTRAL
437,1653735031,1653735331,1653735631,3808,301.7,301.3,-0.4,13.21,7.5686,5.7805,0,STRONG BUY,STRONG BUY,BUY
438,1653735337,1653735637,1653735937,3809,301.3,301.2,-0.1,11.4737,5.7972,5.7972,0,BUY,STRONG BUY,NEUTRAL
439,1653735643,1653735943,1653736243,3810,301.2,302.5,1.3,11.2484,5.6834,5.6834,1,NEUTRAL,NEUTRAL,NEUTRAL
440,1653735949,1653736249,1653736549,3811,302.5,302.4,-0.1,11.4717,5.7912,5.8012,0,BUY,STRONG BUY,NEUTRAL
441,1653736255,1653736555,1653736855,3812,302.4,302.4,0.0,0.0,5.7794,5.7794,0,BUY,STRONG BUY,SELL
442,1653736561,1653736861,1653737161,3813,302.4,303.1,0.7,11.5545,5.705,5.9711,1,BUY,STRONG BUY,NEUTRAL
443,1653736867,1653737167,1653737467,3814,303.1,302.5,-0.6,11.3865,5.7509,5.7555,0,BUY,STRONG BUY,SELL
444,1653737173,1653737473,1653737773,3815,302.5,302.0,-0.5,11.3406,5.73,5.73,0,BUY,STRONG BUY,NEUTRAL
445,1653737478,1653737778,1653738078,3816,302.0,302.2,0.2,11.5851,5.9035,5.8035,1,BUY,STRONG BUY,NEUTRAL
446,1653737784,1653738084,1653738384,3817,302.2,302.3,0.1,11.251,5.6847,5.6847,1,BUY,STRONG BUY,NEUTRAL
447,1653738090,1653738390,1653738690,3818,302.3,301.8,-0.5,11.2277,5.6729,5.6729,0,BUY,STRONG BUY,BUY
448,1653738396,1653738696,1653738996,3819,301.8,301.7,-0.1,11.595,5.8585,5.8585,0,BUY,STRONG BUY,NEUTRAL
449,1653738702,1653739002,1653739302,3820,301.7,302.7,1.0,11.4442,5.7824,5.7824,1,NEUTRAL,BUY,NEUTRAL
450,1653739008,1653739308,1653739608,3821,302.7,302.8,0.1,11.565,5.8384,5.8484,1,STRONG BUY,STRONG BUY,BUY
451,1653739314,1653739614,1653739914,3822,302.8,302.2,-0.6,11.714,5.8488,5.9885,0,STRONG BUY,STRONG BUY,BUY
452,1653739621,1653739921,1653740221,3823,302.2,301.8,-0.4,11.3681,5.7371,5.7507,0,BUY,STRONG BUY,NEUTRAL
453,1653739927,1653740227,1653740527,3824,301.8,302.8,1.0,11.624,5.9232,5.8232,1,BUY,BUY,NEUTRAL
454,1653740233,1653740533,1653740833,3825,302.8,303.2,0.4,11.3609,5.7196,5.761,1,STRONG BUY,STRONG BUY,BUY
455,1653740539,1653740839,1653741139,3826,303.2,302.8,-0.4,11.8173,6.0708,5.8708,0,BUY,STRONG BUY,NEUTRAL
456,1653740845,1653741145,1653741445,3827,302.8,303.3,0.5,11.3925,5.7562,5.7562,1,STRONG BUY,STRONG BUY,NEUTRAL
457,1653741151,1653741451,1653741751,3828,303.3,303.5,0.2,11.4138,5.762,5.772,1,BUY,STRONG BUY,BUY
458,1653741457,1653741757,1653742057,3829,303.5,302.9,-0.6,11.6893,5.7612,6.0512,0,BUY,STRONG BUY,NEUTRAL
459,1653741763,1653742063,1653742363,3830,302.9,304.0,1.1,11.4319,5.7711,5.7811,1,BUY,STRONG BUY,NEUTRAL
460,1653742069,1653742369,1653742669,3831,304.0,304.5,0.5,13.8917,5.8078,8.2301,1,BUY,STRONG BUY,NEUTRAL
461,1653742375,1653742675,1653742975,3832,304.5,303.8,-0.7,11.6345,5.7785,5.9785,0,BUY,STRONG BUY,SELL
462,1653742681,1653742981,1653743281,3833,303.8,304.1,0.3,11.6345,5.9785,5.7785,1,BUY,STRONG BUY,NEUTRAL
463,1653742987,1653743287,1653743587,3834,304.1,304.8,0.7,11.3862,5.8605,5.6455,1,BUY,STRONG BUY,NEUTRAL
464,1653743293,1653743593,1653743893,3835,304.8,306.8,2.0,11.4964,5.6654,5.952,1,BUY,STRONG BUY,NEUTRAL
465,1653743599,1653743899,1653744199,3836,306.8,305.8,-1.0,13.5829,5.8215,7.9044,0,STRONG BUY,STRONG BUY,BUY
466,1653743905,1653744205,1653744505,3837,305.8,304.7,-1.1,11.5257,5.8235,5.8235,0,BUY,STRONG BUY,SELL
467,1653744211,1653744511,1653744811,3838,304.7,304.2,-0.5,11.3154,5.7172,5.7172,0,BUY,STRONG BUY,NEUTRAL
468,1653744517,1653744817,1653745117,3839,304.2,305.0,0.8,11.4188,5.8545,5.6845,1,BUY,STRONG BUY,NEUTRAL
469,1653744826,1653745126,1653745426,3840,305.0,305.2,0.2,11.4791,5.8,5.8,1,BUY,STRONG BUY,NEUTRAL
470,1653745129,1653745429,1653745729,3841,305.2,304.8,-0.4,11.4972,5.8091,5.8091,0,BUY,STRONG BUY,NEUTRAL
471,1653745435,1653745735,1653746035,3842,304.8,304.5,-0.3,11.2719,5.6953,5.6953,0,BUY,STRONG BUY,NEUTRAL
472,1653745741,1653746041,1653746341,3843,304.5,305.1,0.6,11.4009,5.7604,5.7604,1,BUY,STRONG BUY,SELL
473,1653746047,1653746347,1653746647,3844,305.1,306.3,1.2,11.4952,5.8081,5.8081,1,BUY,STRONG BUY,NEUTRAL
474,1653746353,1653746653,1653746953,3845,306.3,305.6,-0.7,11.7625,5.8432,6.0432,0,STRONG BUY,STRONG BUY,NEUTRAL
475,1653746663,1653746963,1653747263,3846,305.6,305.1,-0.5,11.1771,5.6474,5.6474,0,BUY,STRONG BUY,NEUTRAL
476,1653746968,1653747268,1653747568,3847,305.1,305.2,0.1,11.4523,5.7914,5.7814,1,BUY,BUY,NEUTRAL
477,1653747274,1653747574,1653747874,3848,305.2,305.3,0.1,11.538,5.8372,5.8222,1,BUY,BUY,NEUTRAL
478,1653747580,1653747880,1653748180,3849,305.3,305.1,-0.2,11.2714,5.695,5.695,0,BUY,STRONG BUY,NEUTRAL
479,1653747886,1653748186,1653748486,3850,305.1,305.8,0.7,11.6817,5.9523,5.8523,1,BUY,STRONG BUY,SELL
480,1653748192,1653748492,1653748792,3851,305.8,305.4,-0.4,11.3559,5.7377,5.7377,0,STRONG BUY,STRONG BUY,NEUTRAL
481,1653748498,1653748798,1653749098,3852,305.4,305.6,0.2,11.1917,5.6547,5.6547,1,BUY,STRONG BUY,SELL
482,1653748804,1653749104,1653749404,3853,305.6,305.1,-0.5,11.5807,5.8513,5.8513,0,STRONG BUY,STRONG BUY,NEUTRAL
483,1653749110,1653749410,1653749710,3854,305.1,305.0,-0.1,11.3409,5.7797,5.6807,0,NEUTRAL,NEUTRAL,SELL
484,1653749416,1653749716,1653750016,3855,305.0,305.2,0.2,11.4175,5.6739,5.8639,1,BUY,BUY,NEUTRAL
485,1653749722,1653750022,1653750322,3856,305.2,305.7,0.5,11.4491,5.7963,5.7733,1,BUY,BUY,NEUTRAL
